{"cameraMode":{"drawMode":0,"name":"Shaded","section":"Shading Mode"},"sceneLighting":true,"audioPlay":false,"sceneViewState":{"showFog":true,"showMaterialUpdate":false,"showSkybox":true,"showFlares":true,"showImageEffects":true,"showParticleSystems":true},"in2DMode":false,"pivot":{"x":-7.956188201904297,"y":-48.1173210144043,"z":11.817691802978516},"rotation":{"x":-0.4566633105278015,"y":0.08119823038578034,"z":-0.041901808232069018,"w":-0.8849349021911621},"size":100.28651428222656,"orthographic":false}