{"cameraMode":{"drawMode":0,"name":"Shaded","section":"Shading Mode"},"sceneLighting":true,"audioPlay":false,"sceneViewState":{"showFog":false,"showMaterialUpdate":false,"showSkybox":false,"showFlares":false,"showImageEffects":false,"showParticleSystems":false},"in2DMode":false,"pivot":{"x":-24.581314086914064,"y":-30.64164161682129,"z":50.813682556152347},"rotation":{"x":-0.24005742371082307,"y":0.21905922889709474,"z":-0.05570179596543312,"w":-0.9440777897834778},"size":75.87662506103516,"orthographic":false}